<?xml version="1.0" encoding="iso-8859-1"?>
<mosinstall type="component" version="4.5.2">
	<name>Podcast</name>
	<author>Joseph LeBlanc</author>
	<copyright>(C) 2005</copyright>
	<license>http://www.gnu.org/copyleft/gpl.html GNU/GPL</license>
	<authorEmail>contact@jlleblanc.com</authorEmail>
	<authorUrl>www.jlleblanc.com</authorUrl>
	<version>1.0 beta 2</version>
	<date>6/5/2005</date>
	<description>A component for podcasting, based on Mambo's core syndication component.</description>

	<files>
	<filename>podcast.php</filename>
	<filename>feedcreator.class.php</filename>
	</files>


<installfile>
	<filename>install.podcast.php</filename>
</installfile>

<uninstallfile>
	<filename>uninstall.podcast.php</filename>
</uninstallfile>


	<administration>
		<menu>Podcast</menu>
		<submenu>
			<menu act="clips">Manage Clips</menu>
			<menu act="settings">Settings</menu>
			<menu act="info">Information</menu>
		</submenu>

		<files>
			<filename>admin.podcast.php</filename>
			<filename>admin.podcast.html.php</filename>
			<filename>toolbar.podcast.php</filename>
			<filename>toolbar.podcast.html.php</filename>
			<filename>info.podcast.php</filename>
			<filename>podcast.xml</filename>
		</files>

	</administration>


	<params>
		<param name="cache" type="radio" default="1" label="Cache" description="Cache the feed files">
			<option value="0">No</option>
			<option value="1">Yes</option>
		</param>
		<param name="podcast_from" type="radio" default="category" label="Podcast from" description="Choose to publish podcasts to a certain section, or simply pull from the frontpage when assembling the feed">
                        <option value="frontpage">Front Page</option>
	                <option value="category">Specific Section</option>
		</param>
		<param name="mediapath" type="text" default="images/stories" label="Path for uploaded media" description="The relative path for the media files of your podcast. DO NOT add a trailing slash. Defaults to images/stories." />
		<param name="section" type="mos_section" label="Specific Section for Podcasting" description="The specific section where podcasts are published. Not necessary when Front Page is chosen above and tags are manually inserted into content items." />
		<param name="@spacer" type="spacer" default="" label="" description="" />
		<param name="linktitle" type="text" default="Listen Now!" label="Display link titles" description="Use this title for links to enclosures in content items." />
 		<param name="@spacer" type="spacer" default="" label="" description="" />
		<param name="cache_time" type="text" size="8" default="3600" label="Cache Time" description="Cache file will refresh every x seconds" />
		<param name="@spacer" type="spacer" default="" label="" description="" />
		<param name="count" type="text" size="4" default="5" label="# Items" description="Number of Items to syndicate" />
		<param name="title" type="text" size="40" default="Site Podcast" label="Title" description="Syndication Title" />
		<param name="description" type="textarea" rows="5" cols="30" default="The regular podcast" label="Description" description="Syndication Description" />
		<param name="@spacer" type="spacer" default="" label="" description="" />
		<param name="limit_text" type="radio" default="1" label="Limit Text" description="Limit the article text to the value indicated below">
			<option value="0">No</option>
			<option value="1">Yes</option>
		</param>
		<param name="hidehelps" type="radio" default="0" label="Hide Helps" description="Hide the informational messages appearing throughout the system.">
			<option value="0">No</option>
			<option value="1">Yes</option>
		</param>
		<param name="text_length" type="text" size="4" default="20" label="Text Length" description="The word length of the article text - 0 will show no text" />
	</params>
</mosinstall>
