<?xml version="1.0" encoding="iso-8859-1"?>
<mosinstall type="module" version="4.5.2">
	<name>mp3 Player Module</name>
	<author>Joseph LeBlanc</author>
	<creationDate>June 2005</creationDate>
	<copyright>(C) 2005</copyright>
	<license>Creative Commons</license>
	<authorEmail>contact@jlleblanc.com</authorEmail>
	<authorUrl>www.jlleblanc.com</authorUrl>
	<version>1.1</version>
	<description>This module will display an mp3 player. You must have the mp3 player component installed.</description>
	<files>
		<filename module="mod_mp3player">mod_mp3player.php</filename>
	</files>
</mosinstall>
