<?xml version="1.0" ?>
<mosinstall type="component">
<name>DailyMessage_email</name>
<creationDate>3/9/2005</creationDate>
<author>Joseph LeBlanc</author>
<copyright>This component in released under the GNU/GPL License</copyright>
<authorEmail>contact@jlleblanc.com</authorEmail>
<authorUrl>www.jlleblanc.com</authorUrl>
<version>1.0</version>
<files>
<filename>dailymessage_email.php</filename>
<filename>dailymessage_email.html.php</filename>
</files>
<install>
<queries>
	<query>
	DROP TABLE IF EXISTS `#__email_dailymessage`;
	</query>
	<query>
	CREATE TABLE `#__email_dailymessage` (
	`id` INT NOT NULL AUTO_INCREMENT,
	`message` TEXT NOT NULL,
	`date` DATETIME NOT NULL,
	`published` TINYINT(1) NOT NULL,
	PRIMARY KEY (`id`)
	)
	</query>
	<query>
	DROP TABLE IF EXISTS `#__email_dailymessage_conf`;
	</query>
	<query>
	CREATE TABLE `#__email_dailymessage_conf` (
	`bold` TINYINT(1) NOT NULL,
	`italic` TINYINT(1) NOT NULL,
	`underline` TINYINT(1) NOT NULL,
	`showdate` TINYINT(1) NOT NULL,
	`configid` TINYINT(4) NOT NULL
	)
	</query>
	<query>
	INSERT INTO `#__email_dailymessage_conf`(bold, italic, underline, showdate, configid) values(0, 0, 0 , 1, 1);
	</query>
</queries>
</install>

<uninstall>
<queries>
	<query>
		DROP TABLE IF EXISTS `#__email_dailymessage`;
	</query>
	<query>
		DROP TABLE IF EXISTS `#__email_dailymessage_conf`;
	</query>
</queries>
</uninstall>

<installfile>
	<filename>install.dailymessage_email.php</filename>
</installfile>

<uninstallfile>
	<filename>uninstall.dailymessage_email.php</filename>
</uninstallfile>

<administration>
	<menu>Daily Message with Email</menu>
	<submenu>
		<menu act="all">Edit Messages</menu>
		<menu act="configure">Configure</menu>
	</submenu>
<files>
	<filename>admin.dailymessage_email.php</filename>
	<filename>admin.dailymessage_email.html.php</filename>
	<filename>dailymessage_email.class.php</filename>
	<filename>toolbar.dailymessage_email.php</filename>
	<filename>toolbar.dailymessage_email.html.php</filename>
</files>
</administration>
</mosinstall>
