<?xml version="1.0" encoding="iso-8859-1"?>
<mosinstall type="component" version="4.5.2">
<name>mp3player</name>
<creationDate>6/7/2005</creationDate>
<author>Joseph LeBlanc</author>
<copyright>Creative Commons</copyright>
<authorEmail>contact@jlleblanc.com</authorEmail>
<authorUrl>www.jlleblanc.com</authorUrl>
<version>1.0</version>
<files>
<filename>mp3player.swf</filename>
<filename>mp3player.php</filename>
<filename>mp3player.class.php</filename>
</files>
<install>
<queries>
	<query>
	CREATE TABLE `#__mp3player` (
  `mp3_id` int(11) NOT NULL auto_increment,
  `mp3_filename` varchar(255) NOT NULL default '',
  `mp3_title` varchar(255) NOT NULL default '',
  `ordering` int(11) NOT NULL default '0',
  `dummy` tinyint(1) NOT NULL default '1',
  PRIMARY KEY (`mp3_id`)
);
	</query>
</queries>
</install>

<uninstall>
<queries>
	<query>
		DROP TABLE IF EXISTS `#__mp3player`;
	</query>
</queries>
</uninstall>


<installfile>
	<filename>install.mp3player.php</filename>
</installfile>

<uninstallfile>
	<filename>uninstall.mp3player.php</filename>
</uninstallfile>

<administration>
	<menu>MP3 Player</menu>
	<submenu>
		<menu>Edit Playlist</menu>
		<menu act="settings">Settings</menu>
		<menu act="info">Information</menu>
	</submenu>
<files>
	<filename>admin.mp3player.php</filename>
	<filename>admin.mp3player.html.php</filename>
	<filename>toolbar.mp3player.php</filename>
	<filename>toolbar.mp3player.html.php</filename>
</files>
</administration>

	<params>
		<param name="showDisplay" type="radio" default="yes" label="Show Display" description="Song display open on load">
			<option value="no">No</option>
			<option value="yes">Yes</option>
		</param>
		<param name="showPlaylist" type="radio" default="no" label="Show Playlist" description="Playlist display open on load">
			<option value="no">No</option>
			<option value="yes">Yes</option>
		</param>
		<param name="autoStart" type="radio" default="yes" label="Auto Start" description="Automatically start playing the first song in the playlist.">
			<option value="no">No</option>
			<option value="yes">Yes</option>
			<option value="random">Yes, random</option>
		</param>
		<param name="playlistfile" size="40" type="text" default="cache/mp3playlist.xml" label="Playlist File (default: cache/mp3playlist.xml)" description="The file containing your XML playlist. The file cache/mp3playlist.xml is what you should use if you are using the playlist manager. The playlist must be on this server." />
	</params>

</mosinstall>