<?xml version="1.0" encoding="iso-8859-1"?>
<mosinstall type="module" version="4.5.2">
	<name>Add To My Yahoo</name>
	<author>Joseph LeBlanc</author>
	<creationDate>March 11, 2005</creationDate>
	<copyright>(C) 2005</copyright>
	<license>http://www.gnu.org/copyleft/gpl.html GNU/GPL</license>
	<authorEmail>contact@jlleblanc.com</authorEmail>
	<authorUrl>www.jlleblanc.com</authorUrl>
	<version>1.0</version>
	<description>A button enabling visitors to add the site's newsfeed to their My Yahoo! page</description>
	<files>
		<filename module="mod_myyahoo">mod_myyahoo.php</filename>
	</files>
	<params>
		<param name="shortmessage" type="text" default="" label="Short Message" description="Enter a short message to be displayed with the link (optional)" />
		<param name="moduleclass_sfx" type="text" default="" label="Module Class Suffix" description="A suffix to be applied to the css class of the module (table.moduletable), this allows individual module styling" />
		<param name="feed" type="list" default="RSS 0.91" label="RSS Feed" description="RSS feed to send to My Yahoo!">
			<option value="RSS 0.91">RSS 0.91</option>
			<option value="RSS 1.0">RSS 1.0</option>
			<option value="RSS 2.0">RSS 2.0</option>
			<option value="Atom">Atom</option>
		</param>
		<param name="button" type="radio" default="long" label="Button Style" description="Add to My Yahoo! button style">
			<option value="long">Long bar</option>
			<option value="short">Short with text description</option>
		</param>
	</params>
</mosinstall>
