<?xml version="1.0" encoding="utf-8"?>
<install type="component" version="1.5.0">
	<name>Daily Message</name>
	<author>Joseph LeBlanc</author>
	<creationDate>June 2009</creationDate>
	<copyright>(C) 2004 - 2009 Joseph L. LeBlanc. All rights reserved.</copyright>
	<license>http://www.opensource.org/licenses/mit-license.php MIT</license>
	<authorEmail>contact@jlleblanc.com</authorEmail>
	<authorUrl>www.jlleblanc.com</authorUrl>
	<version>1.5.0</version>
	<description>Manages message for dates</description>
	
	<install>
		<sql>
			<file driver="mysql" charset="utf8">install.mysql.sql</file>
		</sql>
	</install>
	
	<uninstall>
		<sql>
			<file driver="mysql" charset="utf8">uninstall.mysql.sql</file>
		</sql>
	</uninstall>
	
	<files>
		<filename>dailymessage.php</filename>
	</files>
	
	<params>
		<param name="bold" type="radio" default="0" label="Bold" description="Display messages in bold">
			<option value="0">No</option>
			<option value="1">Yes</option>
		</param>
		<param name="italic" type="radio" default="0" label="Italic" description="Display messages in italics">
			<option value="0">No</option>
			<option value="1">Yes</option>
		</param>
		<param name="underline" type="radio" default="0" label="Underline" description="Display messages with an underline">
			<option value="0">No</option>
			<option value="1">Yes</option>
		</param>
	</params>
	
	<administration>
		<menu>Daily Message</menu>
		
		<files folder="admin">
			<filename>install.mysql.sql</filename>
			<filename>uninstall.mysql.sql</filename>
			<filename>admin.dailymessage.php</filename>
			<filename>admin.dailymessage.html.php</filename>
			<filename>controller.php</filename>
			<filename>LICENSE</filename>
			<filename>tables/dailymessage.php</filename>
		</files>
		
	</administration>
	
</install>