<?xml version="1.0" encoding="iso-8859-1"?>
<mosinstall version="1.0.0" type="mambot" group="content">
	<name>Podcast</name>
	<author>Joseph LeBlanc</author>
	<creationDate>5/13/2006</creationDate>
	<copyright>(C) 2005-2006 Joseph LeBlanc</copyright>
	<license>http://www.gnu.org/copyleft/gpl.html GNU/GPL</license>
	<authorEmail>contact@jlleblanc.com</authorEmail>
	<authorUrl>www.jlleblanc.com</authorUrl>
	<version>1.0</version>
	<description>Formats enclosures into links</description>
	<files>
		<filename mambot="podcast">podcast.php</filename>
	</files>
	<params/>
</mosinstall>
