<?xml version="1.0" encoding="utf-8"?>
<!DOCTYPE install SYSTEM "http://dev.joomla.org/xml/1.5/component-install.dtd">
<install type="component" version="1.5.0">
	<name>Giveaway</name>
	<creationDate>12/05/10</creationDate>
	<author>Joe LeBlanc</author>
	<authorEmail>contact@jlleblanc.com</authorEmail>
	<copyright>© 2010</copyright>
	<license>GPLv2</license>
	<version>1.0</version>
	<description>A component to handle giveaways for JoomlaDays</description>
	<menu link="option=com_giveaway">JoomlaDay Giveaway</menu>
	<files folder="components/com_giveaway">
		<folder>models</folder>
		<filename>giveaway.php</filename>
		<filename>controller.php</filename>
		<filename>index.html</filename>
		<folder>views</folder>
	</files>
	<install>
		<sql>
			<file charset="utf8" driver="mysql">install.mysql.sql</file>
		</sql>
	</install>
	<uninstall>
		<sql>
			<file charset="utf8" driver="mysql">uninstall.mysql.sql</file>
		</sql>
	</uninstall>
	<administration>
		<menu>JoomlaDay Giveaway</menu>
		<submenu>
			<menu link="option=com_giveaway&amp;view=attendeelist">Attendee List</menu>
			<menu link="option=com_giveaway&amp;view=swaglist">Swag List</menu>
		</submenu>
		<files folder="administrator/components/com_giveaway">
			<filename>install.mysql.sql</filename>
			<filename>uninstall.mysql.sql</filename>
			<filename>giveaway.php</filename>
			<filename>index.html</filename>
			<folder>controllers</folder>
			<folder>tables</folder>
			<folder>views</folder>
			<folder>models</folder>
		</files>
	</administration>
</install>

