<?xml version="1.0" ?>
<mosinstall type="module">
	<name>Daily Messages</name>
	<creationDate>11/3/2004</creationDate>
	<author>Joseph LeBlanc</author>
	<copyright>This module is released under the GNU/GPL License</copyright>
	<authorEmail>contact@jlleblanc.com</authorEmail>
	<authorUrl>http://www.jlleblanc.com</authorUrl>
	<version>1.0</version>
	<description>Designed to work with the Daily Message Component, displaying daily messages wherever they are desired.</description>

	<files>
		<filename module="mod_dailymessage">mod_dailymessage.php</filename>
	</files>

</mosinstall>
