<?xml version="1.0" encoding="utf-8"?>
<install version="1.5" type="plugin" group="content">
	<name>Content - Podcast</name>
	<author>Joseph LeBlanc, Dan Li</author>
	<creationDate>August 2008</creationDate>
	<copyright>Copyright (C) 2005 - 2008</copyright>
	<license>http://www.gnu.org/licenses/gpl-2.0.html GNU/GPL</license>
	<authorEmail>contact@jlleblanc.com</authorEmail>
	<authorUrl>www.jlleblanc.com</authorUrl>
	<version>1.5</version>
	<description>The plugin that turns {enclose ...} tags into players and links</description>
	<files>
		<filename plugin="podcast">podcast.php</filename>
		<filename>podcast/xspf_license.txt</filename>
		<filename>podcast/xspf_player_slim.swf</filename>
	</files>
</install>
