<?xml version="1.0" encoding="iso-8859-1"?>
<mosinstall type="component" version="1.0.0">
	<name>Podcast</name>
	<author>Joseph LeBlanc</author>
	<copyright>(C) 2005-2006</copyright>
	<license>http://www.gnu.org/copyleft/gpl.html GNU/GPL</license>
	<authorEmail>contact@jlleblanc.com</authorEmail>
	<authorUrl>www.jlleblanc.com</authorUrl>
	<version>1.1</version>
	<creationDate>9/6/2006</creationDate>
	<description>A component for podcasting, based on Joomla's core syndication component.</description>

	<files>
	<filename>podcast.php</filename>
	<filename>podcast.class.php</filename>
	<filename>feedcreator.class.php</filename>
	<filename>music.swf</filename>
	<filename>license.txt</filename>
	</files>

<install>
	<queries>
	<query>
		CREATE TABLE IF NOT EXISTS `#__podcast` (
		  `podcast_id` int(11) NOT NULL auto_increment,
		  `article_id` int(11) NOT NULL default '0',
		  `itAuthor` varchar(255) NOT NULL default '',
		  `itBlock` tinyint(1) NOT NULL default '0',
		  `itCategory` varchar(255) NOT NULL default '',
		  `itDuration` varchar(10) NOT NULL default '',
		  `itExplicit` tinyint(1) NOT NULL default '0',
		  `itKeywords` varchar(255) NOT NULL default '',
		  `itSubtitle` varchar(255) NOT NULL default '',
		  PRIMARY KEY (`podcast_id`)
		);
	</query>
	</queries>
</install>

<uninstall>
</uninstall>

<installfile>
	<filename>install.podcast.php</filename>
</installfile>

<uninstallfile>
	<filename>uninstall.podcast.php</filename>
</uninstallfile>


	<administration>
		<menu>Podcast</menu>
		<submenu>
			<menu act="clips">Manage Clips</menu>
			<menu act="settings">Settings</menu>
			<menu act="info">Information</menu>
			<menu act="feeds">Category Feed Links</menu>
		</submenu>

		<files>
			<filename>admin.podcast.php</filename>
			<filename>admin.podcast.html.php</filename>
			<filename>toolbar.podcast.php</filename>
			<filename>toolbar.podcast.html.php</filename>
			<filename>info.podcast.php</filename>
			<filename>getid3.lib.php</filename>
			<filename>getid3.php</filename>
			<filename>module.audio.mp3.php</filename>
			<filename>module.tag.apetag.php</filename>
			<filename>module.tag.id3v1.php</filename>
			<filename>module.tag.id3v2.php</filename>
			<filename>module.tag.lyrics3.php</filename>
			<filename>podcast.xml</filename>
		</files>

	</administration>


	<params>
		<param name="cache" type="radio" default="1" label="Cache" description="Cache the feed files">
			<option value="0">No</option>
			<option value="1">Yes</option>
		</param>
		<param name="mediapath" type="text" default="images/stories" label="Path for uploaded media" description="The relative path for the media files of your podcast. DO NOT add a trailing slash. Defaults to images/stories." />
		<param name="@spacer" type="spacer" default="" label="" description="" />
		<param name="linkhandling" type="radio" default="links" label="Link titles, Flash player, code, or QuickTime" description="Choose between normal links to the podcast enclosures, a Flash-based MP3 player, custom HTML code, or QuickTime.">
			<option value="links">Links</option>
			<option value="player">Flash Player</option>
			<option value="html">HTML Code</option>
			<option value="QTplayer">Quicktime Player</option>
		</param>
		<param name="playerwidth" type="text" default="" label="Player Width" description="The width to use for the Flash or QuickTime player. You should leave this blank unless you need to adjust the player." />
		<param name="playerheight" type="text" default="" label="Player Height" description="The height to use for the Flash or QuickTime player. You should leave this blank unless you need to adjust the player." />
		<param name="linktitle" type="text" default="Listen Now!" label="Enclosure Link Titles" description="Use this title for links to enclosures in content items." />
		<param name="linkcode" type="textarea" rows="5" cols="30" default="" label="Enclosure Code" description="Use this HTML code for links to enclosures in content items. Use the text {filename} where you wish to output the relative path and filename." />
		<param name="@spacer" type="spacer" default="" label="" description="" />
		<param name="cache_time" type="text" size="8" default="3600" label="Cache Time" description="Cache file will refresh every x seconds" />
		<param name="mimetype" type="text" size="30" default="audio/mpeg" label="MIME type" description="The default MIME type to use for the podcast (can be overridden with custom tags)" />
		<param name="encoding" type="text" size="30" default="utf-8" label="Character Encoding" description="The encoding type to be used for the feed. iTunes requires UTF-8." />
		<param name="@spacer" type="spacer" default="" label="" description="" />
		<param name="count" type="text" size="4" default="5" label="# Items" description="Number of Items to syndicate" />
		<param name="title" type="text" size="40" default="Site Podcast" label="Title" description="Syndication Title" />
		<param name="description" type="textarea" rows="5" cols="30" default="The regular podcast" label="Description" description="Syndication Description" />
		<param name="copyright" type="text" size="30" default="(c) 2006" label="Copyright" description="Copyright" />
		<param name="@spacer" type="spacer" default="" label="" description="" />
		<param name="limit_text" type="radio" default="1" label="Limit Text" description="Limit the article text to the value indicated below">
			<option value="0">No</option>
			<option value="1">Yes</option>
		</param>
		<param name="hidehelps" type="radio" default="0" label="Hide Helps" description="Hide the informational messages appearing throughout the system.">
			<option value="0">No</option>
			<option value="1">Yes</option>
		</param>
		<param name="text_length" type="text" size="4" default="20" label="Text Length" description="The word length of the article text - 0 will show no text" />
		<param name="@spacer" type="spacer" default="" label="" description="" />
		<param name="itBlock" type="radio" default="no" label="iTunes: Block" description="Block the entire podcast from iTunes">
			<option value="0">No</option>
			<option value="1">Yes</option>
		</param>
		<param name="itAuthor" type="text" size="30" default="" label="iTunes: Author" description="Enter the name of the author to display for the podcast in iTunes." />
		<param name="itImage" type="text" size="30" default="" label="iTunes: Image" description="Image to use for iTunes feed. iTunes prefers images 300 x 300 px or larger." />
		<param name="itCategory1" type="list" default="" label="iTunes: Category 1" description="Your first category selection for iTunes">
			<option value="">(none)</option>
			<option value="Arts">Arts</option>
			<option value="Arts &gt; Design">Arts &gt; Design</option>
			<option value="Arts &gt; Fashion &amp; Beauty">Arts &gt; Fashion &amp; Beauty</option>
			<option value="Arts &gt; Food">Arts &gt; Food</option>
			<option value="Arts &gt; Literature">Arts &gt; Literature</option>
			<option value="Arts &gt; Performing Arts">Arts &gt; Performing Arts</option>
			<option value="Arts &gt; Visual Arts">Arts &gt; Visual Arts</option>
			<option value="Business">Business</option>
			<option value="Business &gt; Business News">Business &gt; Business News</option>
			<option value="Business &gt; Careers">Business &gt; Careers</option>
			<option value="Business &gt; Investing">Business &gt; Investing</option>
			<option value="Business &gt; Management &amp; Marketing">Business &gt; Management &amp; Marketing</option>
			<option value="Business &gt; Shopping">Business &gt; Shopping</option>
			<option value="Comedy">Comedy</option>
			<option value="Education">Education</option>
			<option value="Education &gt; Education Technology">Education &gt; Education Technology</option>
			<option value="Education &gt; Higher Education">Education &gt; Higher Education</option>
			<option value="Education &gt; K-12">Education &gt; K-12</option>
			<option value="Education &gt; Language Courses">Education &gt; Language Courses</option>
			<option value="Education &gt; Training">Education &gt; Training</option>
			<option value="Games &amp; Hobbies">Games &amp; Hobbies</option>
			<option value="Games &amp; Hobbies &gt; Automotive">Games &amp; Hobbies &gt; Automotive</option>
			<option value="Games &amp; Hobbies &gt; Aviation">Games &amp; Hobbies &gt; Aviation</option>
			<option value="Games &amp; Hobbies &gt; Hobbies">Games &amp; Hobbies &gt; Hobbies</option>
			<option value="Games &amp; Hobbies &gt; Other Games">Games &amp; Hobbies &gt; Other Games</option>
			<option value="Games &amp; Hobbies &gt; Video Games">Games &amp; Hobbies &gt; Video Games</option>
			<option value="Government &amp; Organizations">Government &amp; Organizations</option>
			<option value="Government &amp; Organizations &gt; Local">Government &amp; Organizations &gt; Local</option>
			<option value="Government &amp; Organizations &gt; National">Government &amp; Organizations &gt; National</option>
			<option value="Government &amp; Organizations &gt; Non-Profit">Government &amp; Organizations &gt; Non-Profit</option>
			<option value="Government &amp; Organizations &gt; Regional">Government &amp; Organizations &gt; Regional</option>
			<option value="Health">Health</option>
			<option value="Health &gt; Alternative Health">Health &gt; Alternative Health</option>
			<option value="Health &gt; Fitness &amp; Nutrition">Health &gt; Fitness &amp; Nutrition</option>
			<option value="Health &gt; Self-Help">Health &gt; Self-Help</option>
			<option value="Health &gt; Sexuality">Health &gt; Sexuality</option>
			<option value="Kids &amp; Family">Kids &amp; Family</option>
			<option value="Music">Music</option>
			<option value="News &amp; Politics">News &amp; Politics</option>
			<option value="Religion &amp; Spirituality">Religion &amp; Spirituality</option>
			<option value="Religion &amp; Spirituality &gt; Buddhism">Religion &amp; Spirituality &gt; Buddhism</option>
			<option value="Religion &amp; Spirituality &gt; Christianity">Religion &amp; Spirituality &gt; Christianity</option>
			<option value="Religion &amp; Spirituality &gt; Hinduism">Religion &amp; Spirituality &gt; Hinduism</option>
			<option value="Religion &amp; Spirituality &gt; Islam">Religion &amp; Spirituality &gt; Islam</option>
			<option value="Religion &amp; Spirituality &gt; Judaism">Religion &amp; Spirituality &gt; Judaism</option>
			<option value="Religion &amp; Spirituality &gt; Other">Religion &amp; Spirituality &gt; Other</option>
			<option value="Religion &amp; Spirituality &gt; Spirituality">Religion &amp; Spirituality &gt; Spirituality</option>
			<option value="Science &amp; Medicine">Science &amp; Medicine</option>
			<option value="Science &amp; Medicine &gt; Medicine">Science &amp; Medicine &gt; Medicine</option>
			<option value="Science &amp; Medicine &gt; Natural Sciences">Science &amp; Medicine &gt; Natural Sciences</option>
			<option value="Science &amp; Medicine &gt; Social Sciences">Science &amp; Medicine &gt; Social Sciences</option>
			<option value="Society &amp; Culture">Society &amp; Culture</option>
			<option value="Society &amp; Culture &gt; History">Society &amp; Culture &gt; History</option>
			<option value="Society &amp; Culture &gt; Personal Journals">Society &amp; Culture &gt; Personal Journals</option>
			<option value="Society &amp; Culture &gt; Philosophy">Society &amp; Culture &gt; Philosophy</option>
			<option value="Society &amp; Culture &gt; Places &amp; Travel">Society &amp; Culture &gt; Places &amp; Travel</option>
			<option value="Sports &amp; Recreation">Sports &amp; Recreation</option>
			<option value="Sports &amp; Recreation &gt; Amateur">Sports &amp; Recreation &gt; Amateur</option>
			<option value="Sports &amp; Recreation &gt; College &amp; High School">Sports &amp; Recreation &gt; College &amp; High School</option>
			<option value="Sports &amp; Recreation &gt; Outdoor">Sports &amp; Recreation &gt; Outdoor</option>
			<option value="Sports &amp; Recreation &gt; Professional">Sports &amp; Recreation &gt; Professional</option>
			<option value="Technology">Technology</option>
			<option value="Technology &gt; Gadgets">Technology &gt; Gadgets</option>
			<option value="Technology &gt; Tech News">Technology &gt; Tech News</option>
			<option value="Technology &gt; Podcasting">Technology &gt; Podcasting</option>
			<option value="Technology &gt; Software How-To">Technology &gt; Software How-To</option>
			<option value="TV &amp; Film">TV &amp; Film</option>
		</param>
		<param name="itCategory2" type="list" default="" label="iTunes: Category 2" description="Your second category selection for iTunes">
			<option value="">(none)</option>
			<option value="Arts">Arts</option>
			<option value="Arts &gt; Design">Arts &gt; Design</option>
			<option value="Arts &gt; Fashion &amp; Beauty">Arts &gt; Fashion &amp; Beauty</option>
			<option value="Arts &gt; Food">Arts &gt; Food</option>
			<option value="Arts &gt; Literature">Arts &gt; Literature</option>
			<option value="Arts &gt; Performing Arts">Arts &gt; Performing Arts</option>
			<option value="Arts &gt; Visual Arts">Arts &gt; Visual Arts</option>
			<option value="Business">Business</option>
			<option value="Business &gt; Business News">Business &gt; Business News</option>
			<option value="Business &gt; Careers">Business &gt; Careers</option>
			<option value="Business &gt; Investing">Business &gt; Investing</option>
			<option value="Business &gt; Management &amp; Marketing">Business &gt; Management &amp; Marketing</option>
			<option value="Business &gt; Shopping">Business &gt; Shopping</option>
			<option value="Comedy">Comedy</option>
			<option value="Education">Education</option>
			<option value="Education &gt; Education Technology">Education &gt; Education Technology</option>
			<option value="Education &gt; Higher Education">Education &gt; Higher Education</option>
			<option value="Education &gt; K-12">Education &gt; K-12</option>
			<option value="Education &gt; Language Courses">Education &gt; Language Courses</option>
			<option value="Education &gt; Training">Education &gt; Training</option>
			<option value="Games &amp; Hobbies">Games &amp; Hobbies</option>
			<option value="Games &amp; Hobbies &gt; Automotive">Games &amp; Hobbies &gt; Automotive</option>
			<option value="Games &amp; Hobbies &gt; Aviation">Games &amp; Hobbies &gt; Aviation</option>
			<option value="Games &amp; Hobbies &gt; Hobbies">Games &amp; Hobbies &gt; Hobbies</option>
			<option value="Games &amp; Hobbies &gt; Other Games">Games &amp; Hobbies &gt; Other Games</option>
			<option value="Games &amp; Hobbies &gt; Video Games">Games &amp; Hobbies &gt; Video Games</option>
			<option value="Government &amp; Organizations">Government &amp; Organizations</option>
			<option value="Government &amp; Organizations &gt; Local">Government &amp; Organizations &gt; Local</option>
			<option value="Government &amp; Organizations &gt; National">Government &amp; Organizations &gt; National</option>
			<option value="Government &amp; Organizations &gt; Non-Profit">Government &amp; Organizations &gt; Non-Profit</option>
			<option value="Government &amp; Organizations &gt; Regional">Government &amp; Organizations &gt; Regional</option>
			<option value="Health">Health</option>
			<option value="Health &gt; Alternative Health">Health &gt; Alternative Health</option>
			<option value="Health &gt; Fitness &amp; Nutrition">Health &gt; Fitness &amp; Nutrition</option>
			<option value="Health &gt; Self-Help">Health &gt; Self-Help</option>
			<option value="Health &gt; Sexuality">Health &gt; Sexuality</option>
			<option value="Kids &amp; Family">Kids &amp; Family</option>
			<option value="Music">Music</option>
			<option value="News &amp; Politics">News &amp; Politics</option>
			<option value="Religion &amp; Spirituality">Religion &amp; Spirituality</option>
			<option value="Religion &amp; Spirituality &gt; Buddhism">Religion &amp; Spirituality &gt; Buddhism</option>
			<option value="Religion &amp; Spirituality &gt; Christianity">Religion &amp; Spirituality &gt; Christianity</option>
			<option value="Religion &amp; Spirituality &gt; Hinduism">Religion &amp; Spirituality &gt; Hinduism</option>
			<option value="Religion &amp; Spirituality &gt; Islam">Religion &amp; Spirituality &gt; Islam</option>
			<option value="Religion &amp; Spirituality &gt; Judaism">Religion &amp; Spirituality &gt; Judaism</option>
			<option value="Religion &amp; Spirituality &gt; Other">Religion &amp; Spirituality &gt; Other</option>
			<option value="Religion &amp; Spirituality &gt; Spirituality">Religion &amp; Spirituality &gt; Spirituality</option>
			<option value="Science &amp; Medicine">Science &amp; Medicine</option>
			<option value="Science &amp; Medicine &gt; Medicine">Science &amp; Medicine &gt; Medicine</option>
			<option value="Science &amp; Medicine &gt; Natural Sciences">Science &amp; Medicine &gt; Natural Sciences</option>
			<option value="Science &amp; Medicine &gt; Social Sciences">Science &amp; Medicine &gt; Social Sciences</option>
			<option value="Society &amp; Culture">Society &amp; Culture</option>
			<option value="Society &amp; Culture &gt; History">Society &amp; Culture &gt; History</option>
			<option value="Society &amp; Culture &gt; Personal Journals">Society &amp; Culture &gt; Personal Journals</option>
			<option value="Society &amp; Culture &gt; Philosophy">Society &amp; Culture &gt; Philosophy</option>
			<option value="Society &amp; Culture &gt; Places &amp; Travel">Society &amp; Culture &gt; Places &amp; Travel</option>
			<option value="Sports &amp; Recreation">Sports &amp; Recreation</option>
			<option value="Sports &amp; Recreation &gt; Amateur">Sports &amp; Recreation &gt; Amateur</option>
			<option value="Sports &amp; Recreation &gt; College &amp; High School">Sports &amp; Recreation &gt; College &amp; High School</option>
			<option value="Sports &amp; Recreation &gt; Outdoor">Sports &amp; Recreation &gt; Outdoor</option>
			<option value="Sports &amp; Recreation &gt; Professional">Sports &amp; Recreation &gt; Professional</option>
			<option value="Technology">Technology</option>
			<option value="Technology &gt; Gadgets">Technology &gt; Gadgets</option>
			<option value="Technology &gt; Tech News">Technology &gt; Tech News</option>
			<option value="Technology &gt; Podcasting">Technology &gt; Podcasting</option>
			<option value="Technology &gt; Software How-To">Technology &gt; Software How-To</option>
			<option value="TV &amp; Film">TV &amp; Film</option>
		</param>
		<param name="itCategory3" type="list" default="" label="iTunes: Category 3" description="Your third category selection for iTunes">
			<option value="">(none)</option>
			<option value="Arts">Arts</option>
			<option value="Arts &gt; Design">Arts &gt; Design</option>
			<option value="Arts &gt; Fashion &amp; Beauty">Arts &gt; Fashion &amp; Beauty</option>
			<option value="Arts &gt; Food">Arts &gt; Food</option>
			<option value="Arts &gt; Literature">Arts &gt; Literature</option>
			<option value="Arts &gt; Performing Arts">Arts &gt; Performing Arts</option>
			<option value="Arts &gt; Visual Arts">Arts &gt; Visual Arts</option>
			<option value="Business">Business</option>
			<option value="Business &gt; Business News">Business &gt; Business News</option>
			<option value="Business &gt; Careers">Business &gt; Careers</option>
			<option value="Business &gt; Investing">Business &gt; Investing</option>
			<option value="Business &gt; Management &amp; Marketing">Business &gt; Management &amp; Marketing</option>
			<option value="Business &gt; Shopping">Business &gt; Shopping</option>
			<option value="Comedy">Comedy</option>
			<option value="Education">Education</option>
			<option value="Education &gt; Education Technology">Education &gt; Education Technology</option>
			<option value="Education &gt; Higher Education">Education &gt; Higher Education</option>
			<option value="Education &gt; K-12">Education &gt; K-12</option>
			<option value="Education &gt; Language Courses">Education &gt; Language Courses</option>
			<option value="Education &gt; Training">Education &gt; Training</option>
			<option value="Games &amp; Hobbies">Games &amp; Hobbies</option>
			<option value="Games &amp; Hobbies &gt; Automotive">Games &amp; Hobbies &gt; Automotive</option>
			<option value="Games &amp; Hobbies &gt; Aviation">Games &amp; Hobbies &gt; Aviation</option>
			<option value="Games &amp; Hobbies &gt; Hobbies">Games &amp; Hobbies &gt; Hobbies</option>
			<option value="Games &amp; Hobbies &gt; Other Games">Games &amp; Hobbies &gt; Other Games</option>
			<option value="Games &amp; Hobbies &gt; Video Games">Games &amp; Hobbies &gt; Video Games</option>
			<option value="Government &amp; Organizations">Government &amp; Organizations</option>
			<option value="Government &amp; Organizations &gt; Local">Government &amp; Organizations &gt; Local</option>
			<option value="Government &amp; Organizations &gt; National">Government &amp; Organizations &gt; National</option>
			<option value="Government &amp; Organizations &gt; Non-Profit">Government &amp; Organizations &gt; Non-Profit</option>
			<option value="Government &amp; Organizations &gt; Regional">Government &amp; Organizations &gt; Regional</option>
			<option value="Health">Health</option>
			<option value="Health &gt; Alternative Health">Health &gt; Alternative Health</option>
			<option value="Health &gt; Fitness &amp; Nutrition">Health &gt; Fitness &amp; Nutrition</option>
			<option value="Health &gt; Self-Help">Health &gt; Self-Help</option>
			<option value="Health &gt; Sexuality">Health &gt; Sexuality</option>
			<option value="Kids &amp; Family">Kids &amp; Family</option>
			<option value="Music">Music</option>
			<option value="News &amp; Politics">News &amp; Politics</option>
			<option value="Religion &amp; Spirituality">Religion &amp; Spirituality</option>
			<option value="Religion &amp; Spirituality &gt; Buddhism">Religion &amp; Spirituality &gt; Buddhism</option>
			<option value="Religion &amp; Spirituality &gt; Christianity">Religion &amp; Spirituality &gt; Christianity</option>
			<option value="Religion &amp; Spirituality &gt; Hinduism">Religion &amp; Spirituality &gt; Hinduism</option>
			<option value="Religion &amp; Spirituality &gt; Islam">Religion &amp; Spirituality &gt; Islam</option>
			<option value="Religion &amp; Spirituality &gt; Judaism">Religion &amp; Spirituality &gt; Judaism</option>
			<option value="Religion &amp; Spirituality &gt; Other">Religion &amp; Spirituality &gt; Other</option>
			<option value="Religion &amp; Spirituality &gt; Spirituality">Religion &amp; Spirituality &gt; Spirituality</option>
			<option value="Science &amp; Medicine">Science &amp; Medicine</option>
			<option value="Science &amp; Medicine &gt; Medicine">Science &amp; Medicine &gt; Medicine</option>
			<option value="Science &amp; Medicine &gt; Natural Sciences">Science &amp; Medicine &gt; Natural Sciences</option>
			<option value="Science &amp; Medicine &gt; Social Sciences">Science &amp; Medicine &gt; Social Sciences</option>
			<option value="Society &amp; Culture">Society &amp; Culture</option>
			<option value="Society &amp; Culture &gt; History">Society &amp; Culture &gt; History</option>
			<option value="Society &amp; Culture &gt; Personal Journals">Society &amp; Culture &gt; Personal Journals</option>
			<option value="Society &amp; Culture &gt; Philosophy">Society &amp; Culture &gt; Philosophy</option>
			<option value="Society &amp; Culture &gt; Places &amp; Travel">Society &amp; Culture &gt; Places &amp; Travel</option>
			<option value="Sports &amp; Recreation">Sports &amp; Recreation</option>
			<option value="Sports &amp; Recreation &gt; Amateur">Sports &amp; Recreation &gt; Amateur</option>
			<option value="Sports &amp; Recreation &gt; College &amp; High School">Sports &amp; Recreation &gt; College &amp; High School</option>
			<option value="Sports &amp; Recreation &gt; Outdoor">Sports &amp; Recreation &gt; Outdoor</option>
			<option value="Sports &amp; Recreation &gt; Professional">Sports &amp; Recreation &gt; Professional</option>
			<option value="Technology">Technology</option>
			<option value="Technology &gt; Gadgets">Technology &gt; Gadgets</option>
			<option value="Technology &gt; Tech News">Technology &gt; Tech News</option>
			<option value="Technology &gt; Podcasting">Technology &gt; Podcasting</option>
			<option value="Technology &gt; Software How-To">Technology &gt; Software How-To</option>
			<option value="TV &amp; Film">TV &amp; Film</option>
		</param>
		<param name="itKeywords" type="text" size="30" default="" label="iTunes: Keywords" description="Define keywords describing your podcast. Searchable through iTunes (not visible)." />
		<param name="itOwnerEmail" type="text" size="30" default="" label="iTunes: Owner E-mail" description="Enter an address where iTunes users can reach you (not visible)." />
		<param name="itOwnerName" type="text" size="30" default="" label="iTunes: Owner Name" description="Enter your name for your contact information in iTunes (not visible)." />
		<param name="itSubtitle" type="text" size="30" default="" label="iTunes: Subtitle" description="Enter a short title for the Description column in iTunes." />
	</params>
</mosinstall>
