<?xml version="1.0" encoding="iso-8859-1"?>
<mosinstall type="module" version="1.0.0">
	<name>Podcast</name>
	<author>Joseph LeBlanc</author>
	<creationDate>5/13/2006</creationDate>
	<copyright>(C) 2005-2006</copyright>
	<license>http://www.gnu.org/copyleft/gpl.html GNU/GPL</license>
	<authorEmail>contact@jlleblanc.com</authorEmail>
	<authorUrl>www.jlleblanc.com</authorUrl>
	<version>1.0</version>
	<description>This module provides links for subscribing to your podcast feeds. It is based on the mod_rssfeed module from the Joomla project.</description>
	<files>
		<filename module="mod_podcast">mod_podcast.php</filename>
		<filename>podcast-mini2.gif</filename>
	</files>
	<params>
		<param name="text" type="text" default="" label="Text" description="Enter the text to be displayed along with the RSS links" />
		<param name="cache" type="radio" default="0" label="Enable Cache" description="Select whether to cache the content of this module">
			<option value="0">No</option>
			<option value="1">Yes</option>
		</param>
		<param name="moduleclass_sfx" type="text" default="" label="Module Class Suffix" description="A suffix to be applied to the css class of the module (table.moduletable), this allows individual module styling" />
		<param name="@spacer" type="spacer" default="" label="" description="" />
		<param name="otherlink" type="text" default="" label="Other Link" description="Enter custom link to use, such as one for iTunes subscriptions" />
		<param name="otherimage" type="text" default="" label="Other Image" description="Enter the relative or direct URL to use for the image" />

	</params>
</mosinstall>
