<?xml version="1.0" encoding="iso-8859-1"?>
<mosinstall type="component" version="4.5.2">
	<name>Podcast</name>
	<author>Joseph LeBlanc</author>
	<copyright>(C) 2005</copyright>
	<license>http://www.gnu.org/copyleft/gpl.html GNU/GPL</license>
	<authorEmail>contact@jlleblanc.com</authorEmail>
	<authorUrl>www.jlleblanc.com</authorUrl>
	<version>1.0 beta 4</version>
	<date>11/27/2005</date>
	<description>A component for podcasting, based on Joomla's core syndication component.</description>

	<files>
	<filename>podcast.php</filename>
	<filename>podcast.class.php</filename>
	<filename>feedcreator.class.php</filename>
	</files>

<install>
	<queries>
	<query>
		CREATE TABLE IF NOT EXISTS `#__podcast` (
		  `podcast_id` int(11) NOT NULL auto_increment,
		  `article_id` int(11) NOT NULL default '0',
		  `itAuthor` varchar(255) NOT NULL default '',
		  `itBlock` tinyint(1) NOT NULL default '0',
		  `itCategory` varchar(255) NOT NULL default '',
		  `itDuration` varchar(10) NOT NULL default '',
		  `itExplicit` tinyint(1) NOT NULL default '0',
		  `itKeywords` varchar(255) NOT NULL default '',
		  `itSubtitle` varchar(255) NOT NULL default '',
		  PRIMARY KEY (`podcast_id`)
		);
	</query>
	</queries>
</install>

<uninstall>
</uninstall>

<installfile>
	<filename>install.podcast.php</filename>
</installfile>

<uninstallfile>
	<filename>uninstall.podcast.php</filename>
</uninstallfile>


	<administration>
		<menu>Podcast</menu>
		<submenu>
			<menu act="clips">Manage Clips</menu>
			<menu act="settings">Settings</menu>
			<menu act="info">Information</menu>
		</submenu>

		<files>
			<filename>admin.podcast.php</filename>
			<filename>admin.podcast.html.php</filename>
			<filename>toolbar.podcast.php</filename>
			<filename>toolbar.podcast.html.php</filename>
			<filename>info.podcast.php</filename>
			<filename>podcast.xml</filename>
		</files>

	</administration>


	<params>
		<param name="cache" type="radio" default="1" label="Cache" description="Cache the feed files">
			<option value="0">No</option>
			<option value="1">Yes</option>
		</param>
		<param name="mediapath" type="text" default="images/stories" label="Path for uploaded media" description="The relative path for the media files of your podcast. DO NOT add a trailing slash. Defaults to images/stories." />
		<param name="@spacer" type="spacer" default="" label="" description="" />
		<param name="linkhandling" type="radio" default="links" label="Link titles or code" description="Choose between normal links to the podcast enclosures and custom HTML code.">
			<option value="links">Links</option>
			<option value="html">HTML Code</option>
		</param>
		<param name="linktitle" type="text" default="Listen Now!" label="Enclosure Link Titles" description="Use this title for links to enclosures in content items." />
		<param name="linkcode" type="textarea" rows="5" cols="30" default="" label="Enclosure Code" description="Use this HTML code for links to enclosures in content items. Use the text {filename} where you wish to output the relative path and filename." />
		<param name="@spacer" type="spacer" default="" label="" description="" />
		<param name="cache_time" type="text" size="8" default="3600" label="Cache Time" description="Cache file will refresh every x seconds" />
		<param name="mimetype" type="text" size="30" default="audio/mpeg" label="MIME type" description="The default MIME type to use for the podcast (can be overridden with custom tags)" />
		<param name="encoding" type="text" size="30" default="utf-8" label="Character Encoding" description="The encoding type to be used for the feed. iTunes requires UTF-8." />
		<param name="@spacer" type="spacer" default="" label="" description="" />
		<param name="count" type="text" size="4" default="5" label="# Items" description="Number of Items to syndicate" />
		<param name="title" type="text" size="40" default="Site Podcast" label="Title" description="Syndication Title" />
		<param name="description" type="textarea" rows="5" cols="30" default="The regular podcast" label="Description" description="Syndication Description" />
		<param name="copyright" type="text" size="30" default="(c) 2005" label="Copyright" description="Copyright" />
		<param name="@spacer" type="spacer" default="" label="" description="" />
		<param name="limit_text" type="radio" default="1" label="Limit Text" description="Limit the article text to the value indicated below">
			<option value="0">No</option>
			<option value="1">Yes</option>
		</param>
		<param name="hidehelps" type="radio" default="0" label="Hide Helps" description="Hide the informational messages appearing throughout the system.">
			<option value="0">No</option>
			<option value="1">Yes</option>
		</param>
		<param name="text_length" type="text" size="4" default="20" label="Text Length" description="The word length of the article text - 0 will show no text" />
		<param name="@spacer" type="spacer" default="" label="" description="" />
		<param name="itBlock" type="radio" default="no" label="iTunes: Block" description="Block the entire podcast from iTunes">
			<option value="0">No</option>
			<option value="1">Yes</option>
		</param>
		<param name="itImage" type="text" size="30" default="" label="iTunes: Image" description="Image to use for iTunes feed. iTunes prefers images 300 x 300 px or larger." />
		<param name="itCategory" type="text" size="30" default="" label="iTunes: Categories" description="Define a category for use in iTunes. Separate subcategories by commas. Ex: Gardening, Tomatoes, Watering Needs" />
		<param name="itExplicit" type="radio" default="no" label="iTunes: Explicit" description="Adds a parental advisory tag to your podcast in iTunes.">
			<option value="0">No</option>
			<option value="1">Yes</option>
		</param>
		<param name="itKeywords" type="text" size="30" default="" label="iTunes: Keywords" description="Define keywords describing your podcast. Searchable through iTunes (not visible)." />
		<param name="itOwnerEmail" type="text" size="30" default="" label="iTunes: Owner E-mail" description="Enter an address where iTunes users can reach you (not visible)." />
		<param name="itOwnerName" type="text" size="30" default="" label="iTunes: Owner Name" description="Enter your name for your contact information in iTunes (not visible)." />
		<param name="itSubtitle" type="text" size="30" default="" label="iTunes: Subtitle" description="Enter a short title for the Description column in iTunes." />
	</params>
</mosinstall>
