<?xml version="1.0" encoding="utf-8"?>
<install type="component" version="1.5.0">
	<name>User Info 15</name>
	<author>Joseph LeBlanc</author>
	<creationDate>August 2007</creationDate>
	<copyright>(C) 2004 - 2007 Joseph L. LeBlanc. All rights reserved.</copyright>
	<license>http://www.opensource.org/licenses/mit-license.php MIT</license>
	<authorEmail>contact@jlleblanc.com</authorEmail>
	<authorUrl>www.jlleblanc.com</authorUrl>
	<version>1.5.0</version>
	<description>Demonstrates use of the JUser object</description>
	<files>
		<filename>userinfo15.php</filename>
	</files>
	<administration />
</install>